Workbook

Sheet Cum completezi
A1: West Auto · registrul de vânzări
A3: Ce face fișierul
A4: 1. Treci fiecare mașină vândută pe un rând în foaia „Vanzari” (coloanele A–N).
A5: 2. Foaia „Analiza” calculează singură vânzările pe ani, marja, zilele în stoc, ponderea EV, finanțarea și recomandările.
A6: 3. Foaia „Cifre interviu” scoate cifrele care lipsesc din ghidul Tesla ([X]) și îți scrie propozițiile în engleză.
A8: Culori
A9: Text albastru pe fond galben = completezi tu. Text negru pe fond gri = formulă, nu o modifica.
A11: Exemplu de rând completat (nu e în foaia de date, ca să nu strice statisticile):
A12: Data achiziției | B12: Data vânzării | C12: Marcă | D12: Model | E12: An fabricație | F12: Combustibil | G12: Km | H12: Cost achiziție (€) | I12: Costuri import și pregătire (€) | J12: Preț vânzare (€) | K12: Finanțare | L12: Consultant | M12: Sursă client | N12: Reclamație
A13: 12.02.2025 | B13: 03.03.2025 | C13: Tesla | D13: Model 3 | E13: 2021 | F13: Electric | G13: 68000 | H13: 21500 | I13: 1400 | J13: 25900 | K13: Da | L13: Andrei | M13: Recomandare | N13: Nu
A15: Reguli
A16: • Datele se scriu ca dată (ex. 03.03.2025), nu ca text.
A17: • Combustibil, Finanțare, Sursă client și Reclamație au listă: alegi din meniul celulei.
A18: • Costuri import și pregătire = transport, RAR, înmatriculare, reparații, curățenie. Tot ce ai plătit până la vânzare.
A19: • Sumele sunt în euro, fără TVA dacă așa ții evidența. Important e să faci la fel pe toate rândurile.
A20: • Nu ai date pentru toți anii? Completează ce ai. Formulele ignoră rândurile goale.
A21: • Foaia are loc pentru 1.000 de mașini.
A23: Sursa datelor: completate de tine din evidența West Auto. Nicio cifră din fișier nu e inventată.

Sheet Cifre interviu
A1: Cifrele pentru ghidul Tesla
A2: Coloana B se calculează din vânzări sau o completezi tu (galben). Coloana D îți dă propoziția în engleză, gata de spus.
A4: Setări
A5: Anul trecut (ultimul an complet) | B5: 2025 | C5: Pentru „Last year we sold [X] cars”.
A6: Anul în care ai preluat firma | B6: 2021 | C6: Pentru „from [X] cars a year when I took over”. Schimbă-l cu anul real.
A7: Câți oameni ai în echipă acum | C7: Nu se poate calcula din vânzări. Completează tu.
A8: Câți oameni ai angajat de-a lungul timpului | C8: Ajută la întrebarea despre construirea echipei.
A10: Cifrele calculate
A11: Ce | B11: Cifra | C11: Unde intră în ghid | D11: Ce spui (EN)
A12: Mașini vândute anul trecut | B12: =IFERROR(INDEX(Analiza!$B$6:$B$13,MATCH($B$5,Analiza!$A$6:$A$13,0)),0) | C12: Q1 Tell me about yourself | D12: ="Last year we sold "&TEXT(B12,"0")&" cars."
A13: % electrice sau hibride anul trecut | B13: =IFERROR(INDEX(Analiza!$D$6:$D$13,MATCH($B$5,Analiza!$A$6:$A$13,0)),0) | C13: Q1, Q2 | D13: ="Last year "&TEXT(B13,"0%")&" of the cars we sold were electric or hybrid."
A14: Mașini vândute în anul preluării | B14: =IFERROR(INDEX(Analiza!$B$6:$B$13,MATCH($B$6,Analiza!$A$6:$A$13,0)),0) | C14: Q3 follow-up: next level | D14: =IF(B12>=B14,"We grew from "&TEXT(B14,"0")&" cars a year when I took over to "&TEXT(B12,"0")&" last year.","Sales went from "&TEXT(B14,"0")&" to "&TEXT(B12,"0")&" cars a year. Think about how to frame this before Thursday.")
A15: % electrice sau hibride în anul preluării | B15: =IFERROR(INDEX(Analiza!$D$6:$D$13,MATCH($B$6,Analiza!$A$6:$A$13,0)),0) | C15: Q16 Market shift | D15: ="EVs and hybrids went from "&TEXT(B15,"0%")&" of our sales in "&TEXT($B$6,"0")&" to "&TEXT(B13,"0%")&" in "&TEXT($B$5,"0")&"."
A16: Creștere vânzări, anul preluării → anul trecut | B16: =IF(B14=0,0,B12/B14-1) | C16: Q3 follow-up | D16: =IF(B14=0,"Fill in sales for the takeover year first.",IF(B16>=0,"That is "&TEXT(B16,"0%")&" growth.","Sales are "&TEXT(-B16,"0%")&" lower than in the takeover year. Do not use this line."))
A17: Zile medii în stoc (toți anii) | B17: =Analiza!$J$14 | C17: Doar dacă te întreabă de operațiuni | D17: ="On average a car spent "&TEXT(B17,"0")&" days in stock."
A18: % clienți cu finanțare (toți anii) | B18: =Analiza!$K$14 | C18: Q4 Underperformer (finanțare) | D18: ="About "&TEXT(B18,"0%")&" of our customers bought with financing or leasing."
A19: % clienți din recomandări (toți anii) | B19: =Analiza!$L$14 | C19: Q12, Q13 (recomandări) | D19: ="About "&TEXT(B19,"0%")&" of our customers came through referrals."
A20: Reclamații la 100 de mașini (toți anii) | B20: =IF(Analiza!$B$14=0,0,Analiza!$M$14/Analiza!$B$14*100) | C20: Q11 Difficult customer | D20: ="We had "&TEXT(B20,"0.0")&" complaints per 100 cars sold."
A21: Mărimea echipei | B21: =IF($B$7="","",$B$7) | C21: Q1, Q3 | D21: =IF(B21="","Fill in your team size in B7.","I lead a team of "&TEXT(B21,"0")&" people.")
A24: Cifre pe care le știi doar tu (completează din memorie, aproximativ e în regulă)
A25: Ce | B25: Cifra | C25: Unde intră în ghid | D25: Notă
A26: Test drive-uri pe lună ale consultantului din povestea cu finanțarea | C26: Q4 | D26: Aproximativ.
A27: Conversia lui înainte de coaching (%) | C27: Q4 | D27: Ex. 15%.
A28: Conversia lui după coaching (%) | C28: Q4
A29: Media de conversie a echipei (%) | C29: Q4
A30: În câte săptămâni s-a văzut rezultatul | C30: Q4
A31: Livrări în săptămâna cu conflictul | C31: Q6
A32: Câte mașini ai avut în luna cu întârzierea la import (vs. plan) | C32: Q9 | D32: Ex. 6 în loc de 10.
A33: Câte zile a durat reparația clientului ANPC | C33: Q11 | D33: Ghidul spune 5. Verifică.
A34: Câți clienți ți-a recomandat clientul din povestea cu weekendul | C34: Q12
A35: Câți din 10 clienți întreabă întâi de electrice | C35: Q2 | D35: Spune cifra reală, nu 8.

Sheet Vanzari
A1: Data achiziției | B1: Data vânzării | C1: Marcă | D1: Model | E1: An fabricație | F1: Combustibil | G1: Km | H1: Cost achiziție (€) | I1: Costuri import și pregătire (€) | J1: Preț vânzare (€) | K1: Finanțare | L1: Consultant | M1: Sursă client | N1: Reclamație | O1: Cost total (€) | P1: Marjă (€) | Q1: Marjă % | R1: Zile în stoc | S1: An vânzare | T1: Electrificat (1/0)
O2: =IF(J2="","",H2+I2) | P2: =IF(J2="","",J2-O2) | Q2: =IF(OR(J2="",J2=0),"",P2/J2) | R2: =IF(OR(A2="",B2=""),"",B2-A2) | S2: =IF(B2="","",YEAR(B2)) | T2: =IF(B2="","",IF(OR(F2="Electric",F2="Plug-in",F2="Hibrid"),1,0))
O3: =IF(J3="","",H3+I3) | P3: =IF(J3="","",J3-O3) | Q3: =IF(OR(J3="",J3=0),"",P3/J3) | R3: =IF(OR(A3="",B3=""),"",B3-A3) | S3: =IF(B3="","",YEAR(B3)) | T3: =IF(B3="","",IF(OR(F3="Electric",F3="Plug-in",F3="Hibrid"),1,0))
O4: =IF(J4="","",H4+I4) | P4: =IF(J4="","",J4-O4) | Q4: =IF(OR(J4="",J4=0),"",P4/J4) | R4: =IF(OR(A4="",B4=""),"",B4-A4) | S4: =IF(B4="","",YEAR(B4)) | T4: =IF(B4="","",IF(OR(F4="Electric",F4="Plug-in",F4="Hibrid"),1,0))
O5: =IF(J5="","",H5+I5) | P5: =IF(J5="","",J5-O5) | Q5: =IF(OR(J5="",J5=0),"",P5/J5) | R5: =IF(OR(A5="",B5=""),"",B5-A5) | S5: =IF(B5="","",YEAR(B5)) | T5: =IF(B5="","",IF(OR(F5="Electric",F5="Plug-in",F5="Hibrid"),1,0))
O6: =IF(J6="","",H6+I6) | P6: =IF(J6="","",J6-O6) | Q6: =IF(OR(J6="",J6=0),"",P6/J6) | R6: =IF(OR(A6="",B6=""),"",B6-A6) | S6: =IF(B6="","",YEAR(B6)) | T6: =IF(B6="","",IF(OR(F6="Electric",F6="Plug-in",F6="Hibrid"),1,0))
O7: =IF(J7="","",H7+I7) | P7: =IF(J7="","",J7-O7) | Q7: =IF(OR(J7="",J7=0),"",P7/J7) | R7: =IF(OR(A7="",B7=""),"",B7-A7) | S7: =IF(B7="","",YEAR(B7)) | T7: =IF(B7="","",IF(OR(F7="Electric",F7="Plug-in",F7="Hibrid"),1,0))
O8: =IF(J8="","",H8+I8) | P8: =IF(J8="","",J8-O8) | Q8: =IF(OR(J8="",J8=0),"",P8/J8) | R8: =IF(OR(A8="",B8=""),"",B8-A8) | S8: =IF(B8="","",YEAR(B8)) | T8: =IF(B8="","",IF(OR(F8="Electric",F8="Plug-in",F8="Hibrid"),1,0))
O9: =IF(J9="","",H9+I9) | P9: =IF(J9="","",J9-O9) | Q9: =IF(OR(J9="",J9=0),"",P9/J9) | R9: =IF(OR(A9="",B9=""),"",B9-A9) | S9: =IF(B9="","",YEAR(B9)) | T9: =IF(B9="","",IF(OR(F9="Electric",F9="Plug-in",F9="Hibrid"),1,0))
O10: =IF(J10="","",H10+I10) | P10: =IF(J10="","",J10-O10) | Q10: =IF(OR(J10="",J10=0),"",P10/J10) | R10: =IF(OR(A10="",B10=""),"",B10-A10) | S10: =IF(B10="","",YEAR(B10)) | T10: =IF(B10="","",IF(OR(F10="Electric",F10="Plug-in",F10="Hibrid"),1,0))
O11: =IF(J11="","",H11+I11) | P11: =IF(J11="","",J11-O11) | Q11: =IF(OR(J11="",J11=0),"",P11/J11) | R11: =IF(OR(A11="",B11=""),"",B11-A11) | S11: =IF(B11="","",YEAR(B11)) | T11: =IF(B11="","",IF(OR(F11="Electric",F11="Plug-in",F11="Hibrid"),1,0))
O12: =IF(J12="","",H12+I12) | P12: =IF(J12="","",J12-O12) | Q12: =IF(OR(J12="",J12=0),"",P12/J12) | R12: =IF(OR(A12="",B12=""),"",B12-A12) | S12: =IF(B12="","",YEAR(B12)) | T12: =IF(B12="","",IF(OR(F12="Electric",F12="Plug-in",F12="Hibrid"),1,0))
O13: =IF(J13="","",H13+I13) | P13: =IF(J13="","",J13-O13) | Q13: =IF(OR(J13="",J13=0),"",P13/J13) | R13: =IF(OR(A13="",B13=""),"",B13-A13) | S13: =IF(B13="","",YEAR(B13)) | T13: =IF(B13="","",IF(OR(F13="Electric",F13="Plug-in",F13="Hibrid"),1,0))
... O1001: =IF(J1001="","",H1001+I1001) | P1001: =IF(J1001="","",J1001-O1001) | Q1001: =IF(OR(J1001="",J1001=0),"",P1001/J1001) | R1001: =IF(OR(A1001="",B1001=""),"",B1001-A1001) | S1001: =IF(B1001="","",YEAR(B1001)) | T1001: =IF(B1001="","",IF(OR(F1001="Electric",F1001="Plug-in",F1001="Hibrid"),1,0))

Sheet Analiza
A1: Analiza vânzărilor West Auto
A2: Se calculează singură din foaia „Vanzari”. Galben = poți schimba (ani, modele, consultanți).
A4: Pe ani
A5: An | B5: Mașini vândute | C5: Din care electrificate | D5: % electrificate | E5: Doar 100% electrice | F5: Venituri (€) | G5: Marjă totală (€) | H5: Marjă medie / mașină (€) | I5: Marjă % | J5: Zile medii în stoc | K5: % cu finanțare | L5: % din recomandări | M5: Reclamații
A6: 2019 | B6: =COUNTIFS(Vanzari!$S$2:$S$1001,$A6) | C6: =SUMIFS(Vanzari!$T$2:$T$1001,Vanzari!$S$2:$S$1001,$A6) | D6: =IF(B6=0,0,C6/B6) | E6: =COUNTIFS(Vanzari!$S$2:$S$1001,$A6,Vanzari!$F$2:$F$1001,"Electric") | F6: =SUMIFS(Vanzari!$J$2:$J$1001,Vanzari!$S$2:$S$1001,$A6) | G6: =SUMIFS(Vanzari!$P$2:$P$1001,Vanzari!$S$2:$S$1001,$A6) | H6: =IF(B6=0,0,G6/B6) | I6: =IF(F6=0,0,G6/F6) | J6: =IFERROR(AVERAGEIFS(Vanzari!$R$2:$R$1001,Vanzari!$S$2:$S$1001,$A6),0) | K6: =IF(B6=0,0,COUNTIFS(Vanzari!$S$2:$S$1001,$A6,Vanzari!$K$2:$K$1001,"Da")/B6) | L6: =IF(B6=0,0,COUNTIFS(Vanzari!$S$2:$S$1001,$A6,Vanzari!$M$2:$M$1001,"Recomandare")/B6) | M6: =COUNTIFS(Vanzari!$S$2:$S$1001,$A6,Vanzari!$N$2:$N$1001,"Da")
A7: 2020 | B7: =COUNTIFS(Vanzari!$S$2:$S$1001,$A7) | C7: =SUMIFS(Vanzari!$T$2:$T$1001,Vanzari!$S$2:$S$1001,$A7) | D7: =IF(B7=0,0,C7/B7) | E7: =COUNTIFS(Vanzari!$S$2:$S$1001,$A7,Vanzari!$F$2:$F$1001,"Electric") | F7: =SUMIFS(Vanzari!$J$2:$J$1001,Vanzari!$S$2:$S$1001,$A7) | G7: =SUMIFS(Vanzari!$P$2:$P$1001,Vanzari!$S$2:$S$1001,$A7) | H7: =IF(B7=0,0,G7/B7) | I7: =IF(F7=0,0,G7/F7) | J7: =IFERROR(AVERAGEIFS(Vanzari!$R$2:$R$1001,Vanzari!$S$2:$S$1001,$A7),0) | K7: =IF(B7=0,0,COUNTIFS(Vanzari!$S$2:$S$1001,$A7,Vanzari!$K$2:$K$1001,"Da")/B7) | L7: =IF(B7=0,0,COUNTIFS(Vanzari!$S$2:$S$1001,$A7,Vanzari!$M$2:$M$1001,"Recomandare")/B7) | M7: =COUNTIFS(Vanzari!$S$2:$S$1001,$A7,Vanzari!$N$2:$N$1001,"Da")
A8: 2021 | B8: =COUNTIFS(Vanzari!$S$2:$S$1001,$A8) | C8: =SUMIFS(Vanzari!$T$2:$T$1001,Vanzari!$S$2:$S$1001,$A8) | D8: =IF(B8=0,0,C8/B8) | E8: =COUNTIFS(Vanzari!$S$2:$S$1001,$A8,Vanzari!$F$2:$F$1001,"Electric") | F8: =SUMIFS(Vanzari!$J$2:$J$1001,Vanzari!$S$2:$S$1001,$A8) | G8: =SUMIFS(Vanzari!$P$2:$P$1001,Vanzari!$S$2:$S$1001,$A8) | H8: =IF(B8=0,0,G8/B8) | I8: =IF(F8=0,0,G8/F8) | J8: =IFERROR(AVERAGEIFS(Vanzari!$R$2:$R$1001,Vanzari!$S$2:$S$1001,$A8),0) | K8: =IF(B8=0,0,COUNTIFS(Vanzari!$S$2:$S$1001,$A8,Vanzari!$K$2:$K$1001,"Da")/B8) | L8: =IF(B8=0,0,COUNTIFS(Vanzari!$S$2:$S$1001,$A8,Vanzari!$M$2:$M$1001,"Recomandare")/B8) | M8: =COUNTIFS(Vanzari!$S$2:$S$1001,$A8,Vanzari!$N$2:$N$1001,"Da")
A9: 2022 | B9: =COUNTIFS(Vanzari!$S$2:$S$1001,$A9) | C9: =SUMIFS(Vanzari!$T$2:$T$1001,Vanzari!$S$2:$S$1001,$A9) | D9: =IF(B9=0,0,C9/B9) | E9: =COUNTIFS(Vanzari!$S$2:$S$1001,$A9,Vanzari!$F$2:$F$1001,"Electric") | F9: =SUMIFS(Vanzari!$J$2:$J$1001,Vanzari!$S$2:$S$1001,$A9) | G9: =SUMIFS(Vanzari!$P$2:$P$1001,Vanzari!$S$2:$S$1001,$A9) | H9: =IF(B9=0,0,G9/B9) | I9: =IF(F9=0,0,G9/F9) | J9: =IFERROR(AVERAGEIFS(Vanzari!$R$2:$R$1001,Vanzari!$S$2:$S$1001,$A9),0) | K9: =IF(B9=0,0,COUNTIFS(Vanzari!$S$2:$S$1001,$A9,Vanzari!$K$2:$K$1001,"Da")/B9) | L9: =IF(B9=0,0,COUNTIFS(Vanzari!$S$2:$S$1001,$A9,Vanzari!$M$2:$M$1001,"Recomandare")/B9) | M9: =COUNTIFS(Vanzari!$S$2:$S$1001,$A9,Vanzari!$N$2:$N$1001,"Da")
A10: 2023 | B10: =COUNTIFS(Vanzari!$S$2:$S$1001,$A10) | C10: =SUMIFS(Vanzari!$T$2:$T$1001,Vanzari!$S$2:$S$1001,$A10) | D10: =IF(B10=0,0,C10/B10) | E10: =COUNTIFS(Vanzari!$S$2:$S$1001,$A10,Vanzari!$F$2:$F$1001,"Electric") | F10: =SUMIFS(Vanzari!$J$2:$J$1001,Vanzari!$S$2:$S$1001,$A10) | G10: =SUMIFS(Vanzari!$P$2:$P$1001,Vanzari!$S$2:$S$1001,$A10) | H10: =IF(B10=0,0,G10/B10) | I10: =IF(F10=0,0,G10/F10) | J10: =IFERROR(AVERAGEIFS(Vanzari!$R$2:$R$1001,Vanzari!$S$2:$S$1001,$A10),0) | K10: =IF(B10=0,0,COUNTIFS(Vanzari!$S$2:$S$1001,$A10,Vanzari!$K$2:$K$1001,"Da")/B10) | L10: =IF(B10=0,0,COUNTIFS(Vanzari!$S$2:$S$1001,$A10,Vanzari!$M$2:$M$1001,"Recomandare")/B10) | M10: =COUNTIFS(Vanzari!$S$2:$S$1001,$A10,Vanzari!$N$2:$N$1001,"Da")
A11: 2024 | B11: =COUNTIFS(Vanzari!$S$2:$S$1001,$A11) | C11: =SUMIFS(Vanzari!$T$2:$T$1001,Vanzari!$S$2:$S$1001,$A11) | D11: =IF(B11=0,0,C11/B11) | E11: =COUNTIFS(Vanzari!$S$2:$S$1001,$A11,Vanzari!$F$2:$F$1001,"Electric") | F11: =SUMIFS(Vanzari!$J$2:$J$1001,Vanzari!$S$2:$S$1001,$A11) | G11: =SUMIFS(Vanzari!$P$2:$P$1001,Vanzari!$S$2:$S$1001,$A11) | H11: =IF(B11=0,0,G11/B11) | I11: =IF(F11=0,0,G11/F11) | J11: =IFERROR(AVERAGEIFS(Vanzari!$R$2:$R$1001,Vanzari!$S$2:$S$1001,$A11),0) | K11: =IF(B11=0,0,COUNTIFS(Vanzari!$S$2:$S$1001,$A11,Vanzari!$K$2:$K$1001,"Da")/B11) | L11: =IF(B11=0,0,COUNTIFS(Vanzari!$S$2:$S$1001,$A11,Vanzari!$M$2:$M$1001,"Recomandare")/B11) | M11: =COUNTIFS(Vanzari!$S$2:$S$1001,$A11,Vanzari!$N$2:$N$1001,"Da")
A12: 2025 | B12: =COUNTIFS(Vanzari!$S$2:$S$1001,$A12) | C12: =SUMIFS(Vanzari!$T$2:$T$1001,Vanzari!$S$2:$S$1001,$A12) | D12: =IF(B12=0,0,C12/B12) | E12: =COUNTIFS(Vanzari!$S$2:$S$1001,$A12,Vanzari!$F$2:$F$1001,"Electric") | F12: =SUMIFS(Vanzari!$J$2:$J$1001,Vanzari!$S$2:$S$1001,$A12) | G12: =SUMIFS(Vanzari!$P$2:$P$1001,Vanzari!$S$2:$S$1001,$A12) | H12: =IF(B12=0,0,G12/B12) | I12: =IF(F12=0,0,G12/F12) | J12: =IFERROR(AVERAGEIFS(Vanzari!$R$2:$R$1001,Vanzari!$S$2:$S$1001,$A12),0) | K12: =IF(B12=0,0,COUNTIFS(Vanzari!$S$2:$S$1001,$A12,Vanzari!$K$2:$K$1001,"Da")/B12) | L12: =IF(B12=0,0,COUNTIFS(Vanzari!$S$2:$S$1001,$A12,Vanzari!$M$2:$M$1001,"Recomandare")/B12) | M12: =COUNTIFS(Vanzari!$S$2:$S$1001,$A12,Vanzari!$N$2:$N$1001,"Da")
A13: 2026 | B13: =COUNTIFS(Vanzari!$S$2:$S$1001,$A13) | C13: =SUMIFS(Vanzari!$T$2:$T$1001,Vanzari!$S$2:$S$1001,$A13) | D13: =IF(B13=0,0,C13/B13) | E13: =COUNTIFS(Vanzari!$S$2:$S$1001,$A13,Vanzari!$F$2:$F$1001,"Electric") | F13: =SUMIFS(Vanzari!$J$2:$J$1001,Vanzari!$S$2:$S$1001,$A13) | G13: =SUMIFS(Vanzari!$P$2:$P$1001,Vanzari!$S$2:$S$1001,$A13) | H13: =IF(B13=0,0,G13/B13) | I13: =IF(F13=0,0,G13/F13) | J13: =IFERROR(AVERAGEIFS(Vanzari!$R$2:$R$1001,Vanzari!$S$2:$S$1001,$A13),0) | K13: =IF(B13=0,0,COUNTIFS(Vanzari!$S$2:$S$1001,$A13,Vanzari!$K$2:$K$1001,"Da")/B13) | L13: =IF(B13=0,0,COUNTIFS(Vanzari!$S$2:$S$1001,$A13,Vanzari!$M$2:$M$1001,"Recomandare")/B13) | M13: =COUNTIFS(Vanzari!$S$2:$S$1001,$A13,Vanzari!$N$2:$N$1001,"Da")
A14: Total | B14: =SUM(B6:B13) | C14: =SUM(C6:C13) | D14: =IF(B14=0,0,C14/B14) | E14: =SUM(E6:E13) | F14: =SUM(F6:F13) | G14: =SUM(G6:G13) | H14: =IF(B14=0,0,G14/B14) | I14: =IF(F14=0,0,G14/F14) | J14: =IFERROR(AVERAGE(Vanzari!$R$2:$R$1001),0) | K14: =IF(B14=0,0,COUNTIFS(Vanzari!$K$2:$K$1001,"Da")/B14) | L14: =IF(B14=0,0,COUNTIFS(Vanzari!$M$2:$M$1001,"Recomandare")/B14) | M14: =SUM(M6:M13)
A15: Totalul include doar anii din tabel. Schimbă anii din coloana A dacă ai vânzări în afara lor.
A17: Pe tip de combustibil
A18: Combustibil | B18: Mașini vândute | C18: % din total | D18: Marjă medie / mașină (€) | E18: Marjă % | F18: Zile medii în stoc
A19: Electric | B19: =COUNTIFS(Vanzari!$F$2:$F$1001,$A19,Vanzari!$S$2:$S$1001,"<>") | C19: =IF($B$14=0,0,B19/$B$14) | D19: =IFERROR(AVERAGEIFS(Vanzari!$P$2:$P$1001,Vanzari!$F$2:$F$1001,$A19),0) | E19: =IFERROR(SUMIFS(Vanzari!$P$2:$P$1001,Vanzari!$F$2:$F$1001,$A19)/SUMIFS(Vanzari!$J$2:$J$1001,Vanzari!$F$2:$F$1001,$A19),0) | F19: =IFERROR(AVERAGEIFS(Vanzari!$R$2:$R$1001,Vanzari!$F$2:$F$1001,$A19),0)
A20: Plug-in | B20: =COUNTIFS(Vanzari!$F$2:$F$1001,$A20,Vanzari!$S$2:$S$1001,"<>") | C20: =IF($B$14=0,0,B20/$B$14) | D20: =IFERROR(AVERAGEIFS(Vanzari!$P$2:$P$1001,Vanzari!$F$2:$F$1001,$A20),0) | E20: =IFERROR(SUMIFS(Vanzari!$P$2:$P$1001,Vanzari!$F$2:$F$1001,$A20)/SUMIFS(Vanzari!$J$2:$J$1001,Vanzari!$F$2:$F$1001,$A20),0) | F20: =IFERROR(AVERAGEIFS(Vanzari!$R$2:$R$1001,Vanzari!$F$2:$F$1001,$A20),0)
A21: Hibrid | B21: =COUNTIFS(Vanzari!$F$2:$F$1001,$A21,Vanzari!$S$2:$S$1001,"<>") | C21: =IF($B$14=0,0,B21/$B$14) | D21: =IFERROR(AVERAGEIFS(Vanzari!$P$2:$P$1001,Vanzari!$F$2:$F$1001,$A21),0) | E21: =IFERROR(SUMIFS(Vanzari!$P$2:$P$1001,Vanzari!$F$2:$F$1001,$A21)/SUMIFS(Vanzari!$J$2:$J$1001,Vanzari!$F$2:$F$1001,$A21),0) | F21: =IFERROR(AVERAGEIFS(Vanzari!$R$2:$R$1001,Vanzari!$F$2:$F$1001,$A21),0)
A22: Benzină | B22: =COUNTIFS(Vanzari!$F$2:$F$1001,$A22,Vanzari!$S$2:$S$1001,"<>") | C22: =IF($B$14=0,0,B22/$B$14) | D22: =IFERROR(AVERAGEIFS(Vanzari!$P$2:$P$1001,Vanzari!$F$2:$F$1001,$A22),0) | E22: =IFERROR(SUMIFS(Vanzari!$P$2:$P$1001,Vanzari!$F$2:$F$1001,$A22)/SUMIFS(Vanzari!$J$2:$J$1001,Vanzari!$F$2:$F$1001,$A22),0) | F22: =IFERROR(AVERAGEIFS(Vanzari!$R$2:$R$1001,Vanzari!$F$2:$F$1001,$A22),0)
A23: Diesel | B23: =COUNTIFS(Vanzari!$F$2:$F$1001,$A23,Vanzari!$S$2:$S$1001,"<>") | C23: =IF($B$14=0,0,B23/$B$14) | D23: =IFERROR(AVERAGEIFS(Vanzari!$P$2:$P$1001,Vanzari!$F$2:$F$1001,$A23),0) | E23: =IFERROR(SUMIFS(Vanzari!$P$2:$P$1001,Vanzari!$F$2:$F$1001,$A23)/SUMIFS(Vanzari!$J$2:$J$1001,Vanzari!$F$2:$F$1001,$A23),0) | F23: =IFERROR(AVERAGEIFS(Vanzari!$R$2:$R$1001,Vanzari!$F$2:$F$1001,$A23),0)
A24: GPL | B24: =COUNTIFS(Vanzari!$F$2:$F$1001,$A24,Vanzari!$S$2:$S$1001,"<>") | C24: =IF($B$14=0,0,B24/$B$14) | D24: =IFERROR(AVERAGEIFS(Vanzari!$P$2:$P$1001,Vanzari!$F$2:$F$1001,$A24),0) | E24: =IFERROR(SUMIFS(Vanzari!$P$2:$P$1001,Vanzari!$F$2:$F$1001,$A24)/SUMIFS(Vanzari!$J$2:$J$1001,Vanzari!$F$2:$F$1001,$A24),0) | F24: =IFERROR(AVERAGEIFS(Vanzari!$R$2:$R$1001,Vanzari!$F$2:$F$1001,$A24),0)
A26: Pe model (scrii tu marca și modelul) | H26: Pe consultant (scrii tu numele)
A27: Marcă | B27: Model | C27: Mașini vândute | D27: Marjă medie / mașină (€) | E27: Zile medii în stoc | F27: Preț mediu de vânzare (€) | H27: Consultant | I27: Mașini vândute | J27: Marjă medie / mașină (€) | K27: % cu finanțare | L27: Reclamații
A28: Tesla | B28: Model 3 | C28: =IF(A28="",0,COUNTIFS(Vanzari!$C$2:$C$1001,$A28,Vanzari!$D$2:$D$1001,$B28)) | D28: =IF(C28=0,0,AVERAGEIFS(Vanzari!$P$2:$P$1001,Vanzari!$C$2:$C$1001,$A28,Vanzari!$D$2:$D$1001,$B28)) | E28: =IFERROR(AVERAGEIFS(Vanzari!$R$2:$R$1001,Vanzari!$C$2:$C$1001,$A28,Vanzari!$D$2:$D$1001,$B28),0) | F28: =IF(C28=0,0,AVERAGEIFS(Vanzari!$J$2:$J$1001,Vanzari!$C$2:$C$1001,$A28,Vanzari!$D$2:$D$1001,$B28)) | I28: =IF(H28="",0,COUNTIFS(Vanzari!$L$2:$L$1001,$H28,Vanzari!$S$2:$S$1001,"<>")) | J28: =IF(I28=0,0,AVERAGEIFS(Vanzari!$P$2:$P$1001,Vanzari!$L$2:$L$1001,$H28)) | K28: =IF(I28=0,0,COUNTIFS(Vanzari!$L$2:$L$1001,$H28,Vanzari!$K$2:$K$1001,"Da")/I28) | L28: =IF(H28="",0,COUNTIFS(Vanzari!$L$2:$L$1001,$H28,Vanzari!$N$2:$N$1001,"Da"))
A29: Tesla | B29: Model Y | C29: =IF(A29="",0,COUNTIFS(Vanzari!$C$2:$C$1001,$A29,Vanzari!$D$2:$D$1001,$B29)) | D29: =IF(C29=0,0,AVERAGEIFS(Vanzari!$P$2:$P$1001,Vanzari!$C$2:$C$1001,$A29,Vanzari!$D$2:$D$1001,$B29)) | E29: =IFERROR(AVERAGEIFS(Vanzari!$R$2:$R$1001,Vanzari!$C$2:$C$1001,$A29,Vanzari!$D$2:$D$1001,$B29),0) | F29: =IF(C29=0,0,AVERAGEIFS(Vanzari!$J$2:$J$1001,Vanzari!$C$2:$C$1001,$A29,Vanzari!$D$2:$D$1001,$B29)) | I29: =IF(H29="",0,COUNTIFS(Vanzari!$L$2:$L$1001,$H29,Vanzari!$S$2:$S$1001,"<>")) | J29: =IF(I29=0,0,AVERAGEIFS(Vanzari!$P$2:$P$1001,Vanzari!$L$2:$L$1001,$H29)) | K29: =IF(I29=0,0,COUNTIFS(Vanzari!$L$2:$L$1001,$H29,Vanzari!$K$2:$K$1001,"Da")/I29) | L29: =IF(H29="",0,COUNTIFS(Vanzari!$L$2:$L$1001,$H29,Vanzari!$N$2:$N$1001,"Da"))
A30: Tesla | B30: Model S | C30: =IF(A30="",0,COUNTIFS(Vanzari!$C$2:$C$1001,$A30,Vanzari!$D$2:$D$1001,$B30)) | D30: =IF(C30=0,0,AVERAGEIFS(Vanzari!$P$2:$P$1001,Vanzari!$C$2:$C$1001,$A30,Vanzari!$D$2:$D$1001,$B30)) | E30: =IFERROR(AVERAGEIFS(Vanzari!$R$2:$R$1001,Vanzari!$C$2:$C$1001,$A30,Vanzari!$D$2:$D$1001,$B30),0) | F30: =IF(C30=0,0,AVERAGEIFS(Vanzari!$J$2:$J$1001,Vanzari!$C$2:$C$1001,$A30,Vanzari!$D$2:$D$1001,$B30)) | I30: =IF(H30="",0,COUNTIFS(Vanzari!$L$2:$L$1001,$H30,Vanzari!$S$2:$S$1001,"<>")) | J30: =IF(I30=0,0,AVERAGEIFS(Vanzari!$P$2:$P$1001,Vanzari!$L$2:$L$1001,$H30)) | K30: =IF(I30=0,0,COUNTIFS(Vanzari!$L$2:$L$1001,$H30,Vanzari!$K$2:$K$1001,"Da")/I30) | L30: =IF(H30="",0,COUNTIFS(Vanzari!$L$2:$L$1001,$H30,Vanzari!$N$2:$N$1001,"Da"))
A31: Tesla | B31: Model X | C31: =IF(A31="",0,COUNTIFS(Vanzari!$C$2:$C$1001,$A31,Vanzari!$D$2:$D$1001,$B31)) | D31: =IF(C31=0,0,AVERAGEIFS(Vanzari!$P$2:$P$1001,Vanzari!$C$2:$C$1001,$A31,Vanzari!$D$2:$D$1001,$B31)) | E31: =IFERROR(AVERAGEIFS(Vanzari!$R$2:$R$1001,Vanzari!$C$2:$C$1001,$A31,Vanzari!$D$2:$D$1001,$B31),0) | F31: =IF(C31=0,0,AVERAGEIFS(Vanzari!$J$2:$J$1001,Vanzari!$C$2:$C$1001,$A31,Vanzari!$D$2:$D$1001,$B31)) | I31: =IF(H31="",0,COUNTIFS(Vanzari!$L$2:$L$1001,$H31,Vanzari!$S$2:$S$1001,"<>")) | J31: =IF(I31=0,0,AVERAGEIFS(Vanzari!$P$2:$P$1001,Vanzari!$L$2:$L$1001,$H31)) | K31: =IF(I31=0,0,COUNTIFS(Vanzari!$L$2:$L$1001,$H31,Vanzari!$K$2:$K$1001,"Da")/I31) | L31: =IF(H31="",0,COUNTIFS(Vanzari!$L$2:$L$1001,$H31,Vanzari!$N$2:$N$1001,"Da"))
C32: =IF(A32="",0,COUNTIFS(Vanzari!$C$2:$C$1001,$A32,Vanzari!$D$2:$D$1001,$B32)) | D32: =IF(C32=0,0,AVERAGEIFS(Vanzari!$P$2:$P$1001,Vanzari!$C$2:$C$1001,$A32,Vanzari!$D$2:$D$1001,$B32)) | E32: =IFERROR(AVERAGEIFS(Vanzari!$R$2:$R$1001,Vanzari!$C$2:$C$1001,$A32,Vanzari!$D$2:$D$1001,$B32),0) | F32: =IF(C32=0,0,AVERAGEIFS(Vanzari!$J$2:$J$1001,Vanzari!$C$2:$C$1001,$A32,Vanzari!$D$2:$D$1001,$B32)) | I32: =IF(H32="",0,COUNTIFS(Vanzari!$L$2:$L$1001,$H32,Vanzari!$S$2:$S$1001,"<>")) | J32: =IF(I32=0,0,AVERAGEIFS(Vanzari!$P$2:$P$1001,Vanzari!$L$2:$L$1001,$H32)) | K32: =IF(I32=0,0,COUNTIFS(Vanzari!$L$2:$L$1001,$H32,Vanzari!$K$2:$K$1001,"Da")/I32) | L32: =IF(H32="",0,COUNTIFS(Vanzari!$L$2:$L$1001,$H32,Vanzari!$N$2:$N$1001,"Da"))
C33: =IF(A33="",0,COUNTIFS(Vanzari!$C$2:$C$1001,$A33,Vanzari!$D$2:$D$1001,$B33)) | D33: =IF(C33=0,0,AVERAGEIFS(Vanzari!$P$2:$P$1001,Vanzari!$C$2:$C$1001,$A33,Vanzari!$D$2:$D$1001,$B33)) | E33: =IFERROR(AVERAGEIFS(Vanzari!$R$2:$R$1001,Vanzari!$C$2:$C$1001,$A33,Vanzari!$D$2:$D$1001,$B33),0) | F33: =IF(C33=0,0,AVERAGEIFS(Vanzari!$J$2:$J$1001,Vanzari!$C$2:$C$1001,$A33,Vanzari!$D$2:$D$1001,$B33)) | I33: =IF(H33="",0,COUNTIFS(Vanzari!$L$2:$L$1001,$H33,Vanzari!$S$2:$S$1001,"<>")) | J33: =IF(I33=0,0,AVERAGEIFS(Vanzari!$P$2:$P$1001,Vanzari!$L$2:$L$1001,$H33)) | K33: =IF(I33=0,0,COUNTIFS(Vanzari!$L$2:$L$1001,$H33,Vanzari!$K$2:$K$1001,"Da")/I33) | L33: =IF(H33="",0,COUNTIFS(Vanzari!$L$2:$L$1001,$H33,Vanzari!$N$2:$N$1001,"Da"))
C34: =IF(A34="",0,COUNTIFS(Vanzari!$C$2:$C$1001,$A34,Vanzari!$D$2:$D$1001,$B34)) | D34: =IF(C34=0,0,AVERAGEIFS(Vanzari!$P$2:$P$1001,Vanzari!$C$2:$C$1001,$A34,Vanzari!$D$2:$D$1001,$B34)) | E34: =IFERROR(AVERAGEIFS(Vanzari!$R$2:$R$1001,Vanzari!$C$2:$C$1001,$A34,Vanzari!$D$2:$D$1001,$B34),0) | F34: =IF(C34=0,0,AVERAGEIFS(Vanzari!$J$2:$J$1001,Vanzari!$C$2:$C$1001,$A34,Vanzari!$D$2:$D$1001,$B34)) | I34: =IF(H34="",0,COUNTIFS(Vanzari!$L$2:$L$1001,$H34,Vanzari!$S$2:$S$1001,"<>")) | J34: =IF(I34=0,0,AVERAGEIFS(Vanzari!$P$2:$P$1001,Vanzari!$L$2:$L$1001,$H34)) | K34: =IF(I34=0,0,COUNTIFS(Vanzari!$L$2:$L$1001,$H34,Vanzari!$K$2:$K$1001,"Da")/I34) | L34: =IF(H34="",0,COUNTIFS(Vanzari!$L$2:$L$1001,$H34,Vanzari!$N$2:$N$1001,"Da"))
C35: =IF(A35="",0,COUNTIFS(Vanzari!$C$2:$C$1001,$A35,Vanzari!$D$2:$D$1001,$B35)) | D35: =IF(C35=0,0,AVERAGEIFS(Vanzari!$P$2:$P$1001,Vanzari!$C$2:$C$1001,$A35,Vanzari!$D$2:$D$1001,$B35)) | E35: =IFERROR(AVERAGEIFS(Vanzari!$R$2:$R$1001,Vanzari!$C$2:$C$1001,$A35,Vanzari!$D$2:$D$1001,$B35),0) | F35: =IF(C35=0,0,AVERAGEIFS(Vanzari!$J$2:$J$1001,Vanzari!$C$2:$C$1001,$A35,Vanzari!$D$2:$D$1001,$B35)) | I35: =IF(H35="",0,COUNTIFS(Vanzari!$L$2:$L$1001,$H35,Vanzari!$S$2:$S$1001,"<>")) | J35: =IF(I35=0,0,AVERAGEIFS(Vanzari!$P$2:$P$1001,Vanzari!$L$2:$L$1001,$H35)) | K35: =IF(I35=0,0,COUNTIFS(Vanzari!$L$2:$L$1001,$H35,Vanzari!$K$2:$K$1001,"Da")/I35) | L35: =IF(H35="",0,COUNTIFS(Vanzari!$L$2:$L$1001,$H35,Vanzari!$N$2:$N$1001,"Da"))
C36: =IF(A36="",0,COUNTIFS(Vanzari!$C$2:$C$1001,$A36,Vanzari!$D$2:$D$1001,$B36)) | D36: =IF(C36=0,0,AVERAGEIFS(Vanzari!$P$2:$P$1001,Vanzari!$C$2:$C$1001,$A36,Vanzari!$D$2:$D$1001,$B36)) | E36: =IFERROR(AVERAGEIFS(Vanzari!$R$2:$R$1001,Vanzari!$C$2:$C$1001,$A36,Vanzari!$D$2:$D$1001,$B36),0) | F36: =IF(C36=0,0,AVERAGEIFS(Vanzari!$J$2:$J$1001,Vanzari!$C$2:$C$1001,$A36,Vanzari!$D$2:$D$1001,$B36))
C37: =IF(A37="",0,COUNTIFS(Vanzari!$C$2:$C$1001,$A37,Vanzari!$D$2:$D$1001,$B37)) | D37: =IF(C37=0,0,AVERAGEIFS(Vanzari!$P$2:$P$1001,Vanzari!$C$2:$C$1001,$A37,Vanzari!$D$2:$D$1001,$B37)) | E37: =IFERROR(AVERAGEIFS(Vanzari!$R$2:$R$1001,Vanzari!$C$2:$C$1001,$A37,Vanzari!$D$2:$D$1001,$B37),0) | F37: =IF(C37=0,0,AVERAGEIFS(Vanzari!$J$2:$J$1001,Vanzari!$C$2:$C$1001,$A37,Vanzari!$D$2:$D$1001,$B37))
C38: =IF(A38="",0,COUNTIFS(Vanzari!$C$2:$C$1001,$A38,Vanzari!$D$2:$D$1001,$B38)) | D38: =IF(C38=0,0,AVERAGEIFS(Vanzari!$P$2:$P$1001,Vanzari!$C$2:$C$1001,$A38,Vanzari!$D$2:$D$1001,$B38)) | E38: =IFERROR(AVERAGEIFS(Vanzari!$R$2:$R$1001,Vanzari!$C$2:$C$1001,$A38,Vanzari!$D$2:$D$1001,$B38),0) | F38: =IF(C38=0,0,AVERAGEIFS(Vanzari!$J$2:$J$1001,Vanzari!$C$2:$C$1001,$A38,Vanzari!$D$2:$D$1001,$B38))
C39: =IF(A39="",0,COUNTIFS(Vanzari!$C$2:$C$1001,$A39,Vanzari!$D$2:$D$1001,$B39)) | D39: =IF(C39=0,0,AVERAGEIFS(Vanzari!$P$2:$P$1001,Vanzari!$C$2:$C$1001,$A39,Vanzari!$D$2:$D$1001,$B39)) | E39: =IFERROR(AVERAGEIFS(Vanzari!$R$2:$R$1001,Vanzari!$C$2:$C$1001,$A39,Vanzari!$D$2:$D$1001,$B39),0) | F39: =IF(C39=0,0,AVERAGEIFS(Vanzari!$J$2:$J$1001,Vanzari!$C$2:$C$1001,$A39,Vanzari!$D$2:$D$1001,$B39))
